{"cameraMode":{"drawMode":0,"name":"Shaded","section":"Shading Mode"},"sceneLighting":true,"audioPlay":false,"sceneViewState":{"m_AlwaysRefresh":false,"showFog":true,"showSkybox":true,"showFlares":true,"showImageEffects":true,"showParticleSystems":true,"showVisualEffectGraphs":true,"m_FxEnabled":true},"in2DMode":false,"pivot":{"x":-0.6091070771217346,"y":2.229736089706421,"z":2.864377021789551},"rotation":{"x":0.0009766293223947287,"y":0.9866459965705872,"z":-0.162769615650177,"w":0.005919945891946554},"size":5.041169166564941,"orthographic":true}